Model,Accuracy,Precision,Recall,F1-score
Logistic Regression,0.99341104916371,0.9934158869886104,0.99341104916371,0.993411171051123
SVM,0.9954384186517993,0.9954389911131383,0.9954384186517993,0.9954384491244354
Naive Bayes,0.9640141915864167,0.96407737605637,0.9640141915864167,0.9640158187016928
